"nom","dirigeant","naf","adresse","code_postal","commune","agglo_tours","effectif","solo_probable","chaine_probable","date_creation","siren","latitude","longitude","score_priorite"
"CHRISTOPHE GOUMON","CHRISTOPHE MAURICE PIERRE CHRISTEL GOUMON (GOUMON)","10.71C","1 RUE DE LA RESISTANCE 37270 ATHEE-SUR-CHER","37270","ATHEE-SUR-CHER","OUI","01","OUI","","1997-07-01","412721730","47.320289","0.9160180561","9"
"KALENDA","","10.71C","26 B AVENUE DES AUBEPINES 37510 BALLAN-MIRE","37510","BALLAN-MIRE","OUI","NN","OUI","","2019-05-17","850878224","47.357605407","0.6339640326","9"
"STRATOS","","10.71C","26 B AVENUE DES AUBEPINES 37510 BALLAN-MIRE","37510","BALLAN-MIRE","OUI","NN","OUI","","2016-12-01","824156582","47.357605407","0.6339640326","9"
"LK DUCHENE","","10.71C","CHEZ CHOCOLATERIE DU PECQ 33 RUE MICHAEL FARADAY 37170 CHAMBRAY-LES-TOURS","37170","CHAMBRAY-LES-TOURS","OUI","NN","OUI","","2013-07-10","794740068","47.3343340274699","0.698492127124593","9"
"AVELINE","ANTHONY ALEX GASTON AVELINE","10.71C","16 AVENUE DE LANGENNERIE 37390 CHANCEAUX-SUR-CHOISILLE","37390","CHANCEAUX-SUR-CHOISILLE","OUI","01","OUI","","2015-06-01","811732387","47.491740999","0.6971737349","9"
"SIMON HAREAU (SH BOULANGER PATISSIER CHARENTILLY)","SIMON PIERRE HAREAU","10.71C","2 B RUE DES MAILLERIES 37390 CHARENTILLY","37390","CHARENTILLY","OUI","NN","OUI","","2007-04-23","497694018","47.4691937423719","0.608517745662979","9"
"HARDOUIN BOULANGER (HARDOUIN BOULANGER)","WILLY HARDOUIN (HARDOUIN)","10.71C","4 IMPASSE DANTON 37300 JOUE-LES-TOURS","37300","JOUE-LES-TOURS","OUI","NN","OUI","","2005-08-02","483571303","47.356041568","0.6589778346","9"
"SIHEM","JILANI ROJBANI (ROJBANI)","10.71C","CENTRE COMMERCIAL DU MORIER PLACE GEORGES CLEMENCEAU 37300 JOUE-LES-TOURS","37300","JOUE-LES-TOURS","OUI","01","OUI","","2020-09-21","888988128","47.35189259","0.6691964634","9"
"BECQUET","PATRICK BECQUET (BECQUET)","10.71C","12 RUE NATIONALE 37390 LA MEMBROLLE-SUR-CHOISILLE","37390","LA MEMBROLLE-SUR-CHOISILLE","OUI","NN","OUI","","2005-10-18","484118922","47.436710265","0.6392397163","9"
"LA GOURMANDISE DE LA RICHE","CLAUDE MACHET (MACHET)","10.71C","5 RUE DU 11 NOVEMBRE 1918 37520 LA RICHE","37520","LA RICHE","OUI","01","OUI","","2016-11-09","823630751","47.38715349","0.6587345219","9"
"BOULANGERIE SAINTE ANNE","HASSAN AHMAIDA (AHMAIDA)","10.71C","21 PLACE SAINTE-ANNE 37520 LA RICHE","37520","LA RICHE","OUI","01","OUI","","2020-04-06","883392300","47.391140823","0.6666585687","9"
"BOULANGERIE BELLIARD","MARTIAL BELLIARD (BELLIARD)","10.71C","24 RUE DU GUE 37270 MONTLOUIS-SUR-LOIRE","37270","MONTLOUIS-SUR-LOIRE","OUI","NN","OUI","","2011-11-08","537751554","47.37844071","0.7981854253","9"
"LE MOULIN D'OZ","TONY VAN LERBERGHE (VAN LERBERGHE)","10.71C","1 RUE DES PLATANES 37390 NOTRE-DAME-D'OE","37390","NOTRE-DAME-D'OE","OUI","00","OUI","","2013-08-02","794618397","47.452825572","0.706987106","9"
"LA FARANDOLE","FABRICE HENRI JEAN GUIZIER (GUIZIER)","10.71C","109 BOULEVARD CHARLES DE GAULLE 37540 SAINT-CYR-SUR-LOIRE","37540","SAINT-CYR-SUR-LOIRE","OUI","NN","OUI","","2018-07-16","841396021","47.4135726649501","0.671342456609578","9"
"BOULANGERIE HARDOUIN (HARDOUIN BOULANGER) (S.T.B.P.)","BELAID ECHAJIAA (ECHAJIAA)","10.71C","55 QUAI DES MAISONS BLANCHES 37540 SAINT-CYR-SUR-LOIRE","37540","SAINT-CYR-SUR-LOIRE","OUI","NN","OUI","","2014-06-17","802983882","47.395472305","0.6553368266","9"
"MOHAMMED JAMALEDDINE (BOULANGERIE DE LA RABATERIE)","MOHAMMED JAMALEDDINE (JAMALEDDINE)","10.71C","27 B RUE DE LA RABATERIE 37700 SAINT-PIERRE-DES-CORPS","37700","SAINT-PIERRE-DES-CORPS","OUI","00","OUI","","2016-11-03","823406020","47.39167823","0.7211728072","9"
"KTLM","TEDDY MONCEAU (MONCEAU)","10.71C","2 RUE LAMARTINE 37000 TOURS","37000","TOURS","OUI","01","OUI","","2011-04-06","531549038","47.3927327827445","0.672232022590688","9"
"MAISON VIDAL","ANA MARIA VIDAL (SEQUEIRA)","10.71C","ET 2-4 RUE PAUL APPEL 26 RUE MAURICE BOUCHOR 37000 TOURS","37000","TOURS","OUI","NN","OUI","","2020-10-07","889761417","47.377367444","0.7087193855","9"
"PHILIPPE CHAUVET (BOULANGERIE CHAUVET)","PHILIPPE BERNARD CHAUVET (CHAUVET)","10.71C","130 BOULEVARD TONNELLE 37000 TOURS","37000","TOURS","OUI","01","OUI","","2004-05-04","453611683","47.380793599","0.6682355236","9"
"ADAME ET SARA","RACHID BELAALIM (BELAALIM)","10.71C","5 RUE GUILLAUMET 37000 TOURS","37000","TOURS","OUI","NN","OUI","","2008-01-28","502305147","47.3812370551996","0.705102342869526","9"
"TY BIHAN (BOULANGERIE VINCI)","PIERRE FOULON (FOULON)","10.71C","23 RUE BERNARD PALISSY 37000 TOURS","37000","TOURS","OUI","NN","OUI","","2017-03-28","828622795","47.3932230683872","0.69321347505927","9"
"LA SAVEUR DU BON PAIN (LA SAVEUR DU BON PAIN)","NGOC KHANH HAN","10.71C","183-185 AVENUE DE GRAMMONT 37000 TOURS","37000","TOURS","OUI","NN","OUI","","2006-05-12","490118296","47.376390009","0.6939887398","9"
"L'ATELIER DU TALEMELIER - LES HALLES","CYRIL ROGER FABIEN CHAMBAY","10.71C","3 IMPASSE BURE 37000 TOURS","37000","TOURS","OUI","NN","OUI","","2015-11-01","814641015","47.390791349","0.7005706492","9"
"L'ATELIER DU TALEMELIER - PAILHOU","CYRIL CHAMBAY (CHAMBAY)","10.71C","3 IMPASSE BURE 37000 TOURS","37000","TOURS","OUI","NN","OUI","","2015-11-01","814665766","47.390791349","0.7005706492","9"
"BOULANGERIE VICTOR HUGO","","10.71C","GALERIE MARCHAND STENDHAL AVENUE STENDHAL 37200 TOURS","37200","TOURS","OUI","NN","OUI","","1992-08-21","388445462","47.369168093","0.7066280063","9"
"YLIZA","ABDELMOUNAIM KABDI (KABDI)","10.71C","14 RUE NICOLAS POUSSIN 37000 TOURS","37000","TOURS","OUI","NN","OUI","","2017-06-22","830475075","47.372883916","0.6856404667","9"
"LA PETITE MARQUISE","","10.71C","97 RUE DE LA FUYE 37000 TOURS","37000","TOURS","OUI","NN","OUI","","1994-07-01","397867409","47.388706982","0.7027818507","9"
"AURUM","STEPHANE DELAUNAY (DELAUNAY)","10.71C","30 RUE DES GIRAUDIERES 37250 VEIGNE","37250","VEIGNE","OUI","NN","OUI","","2016-07-01","822001616","47.313185165","0.7164200915","9"
"SIMILAN","NICOLAS BOURON (BOURON)","10.71C","26 B AVENUE DES AUBEPINES 37510 BALLAN-MIRE","37510","BALLAN-MIRE","OUI","NN","OUI","","2021-02-01","893730929","47.357605407","0.6339640326","8"
"PATRY-LEMONNIER.TRADITION (BONNE HEURE)","JULIEN LEMONNIER","10.71C","7 B RUE ETIENNE COSSON 37170 CHAMBRAY-LES-TOURS","37170","CHAMBRAY-LES-TOURS","OUI","NN","OUI","","2025-07-03","988902870","47.3300418694156","0.705817375300893","8"
"BOULANGERIE DE LA REPUBLIQUE (BOULANGERIE HARDOUIN)","","10.71C","66 AVENUE DE LA REPUBLIQUE 37170 CHAMBRAY-LES-TOURS","37170","CHAMBRAY-LES-TOURS","OUI","NN","OUI","","2024-09-05","932768393","47.3437574805603","0.714844795218892","8"
"ADRIEN LAURENT","ADRIEN GEORGES GILBERT LAURENT","10.71C","7 LE CHENE PENDU 37170 CHAMBRAY-LES-TOURS","37170","CHAMBRAY-LES-TOURS","OUI","NN","OUI","","2025-07-22","989513890","47.3265699985671","0.763045997870059","8"
"EURL AU FOURNIL GOURMAND","MICKAËL GILLES DANIEL BERTHON","10.71C","25 RUE ANNE DE FRANCE 37700 LA VILLE-AUX-DAMES","37700","LA VILLE-AUX-DAMES","OUI","NN","OUI","","2025-08-28","990804072","47.3969045388075","0.775906014456154","8"
"MAISON 1946","SIMON OLIVIER PASCAL PATRICK MURET","10.71C","8 PLACE ANDRE DELAUNAY 37250 MONTBAZON","37250","MONTBAZON","OUI","NN","OUI","","2025-03-17","941427494","47.2872593287772","0.714806793001031","8"
"PM CHAMBRAY","","10.71C","23 AVENUE LEONARD DE VINCI 37270 MONTLOUIS-SUR-LOIRE","37270","MONTLOUIS-SUR-LOIRE","OUI","NN","OUI","","2026-07-01","107209181","47.39657402842119","0.804771001186268","8"
"PM ATELIER","","10.71C","19 AVENUE LEONARD DE VINCI 37270 MONTLOUIS-SUR-LOIRE","37270","MONTLOUIS-SUR-LOIRE","OUI","NN","OUI","","2022-12-15","922367982","47.396925969","0.8039224916","8"
"LE FOURNIL DU VILLAGE","BOULBABA MOSBAH","10.71C","7 RUE DE LA REPUBLIQUE 37380 NEUILLE-LE-LIERRE","37380","NEUILLE-LE-LIERRE","OUI","NN","OUI","","2024-01-31","983464058","47.512197666","0.9104025883","8"
"LES PAINS DE CISSE","STEPHANE DEPLOBIN (DEPLOBIN)","10.71C","56 RUE DE LA REPUBLIQUE 37210 NOIZAY","37210","NOIZAY","OUI","NN","OUI","","2022-01-01","907741383","47.421552449","0.8920849405","8"
"CABASE","CÉCILE SALLÉ (GEORGET)","10.71C","6 IMPASSE DE LA LANDE 37380 REUGNY","37380","REUGNY","OUI","NN","OUI","","2025-05-12","944342385","47.4755555359003","0.871476490979157","8"
"BOULANGERIE JOSETTE ROCHECORBON","","10.71C","34 RUE DU DOCTEUR LEBLED 37210 ROCHECORBON","37210","ROCHECORBON","OUI","NN","OUI","","2024-03-25","924905888","47.414798854","0.7553794813","8"
"SARL MOHAMMAD","ERIC ALAIN GROSBOIS","10.71C","16 RUE DU DOCTEUR LEBLED 37210 ROCHECORBON","37210","ROCHECORBON","OUI","NN","OUI","","2024-05-17","927860536","47.409724734","0.7573022925","8"
"SANDAUREL (AU PETIT PAIN D'ALICE)","AURELIEN CHENESSEAU (CHENESSEAU)","10.71C","2 RUE DU BONDONNEAU 37360 SAINT-ANTOINE-DU-ROCHER","37360","SAINT-ANTOINE-DU-ROCHER","OUI","01","OUI","","2022-07-12","917424855","47.49599874","0.6308666641","8"
"JOSETTE LE COMMERCE","BRUNO BOUDIN","10.71C","55 QUAI DES MAISONS BLANCHES 37540 SAINT-CYR-SUR-LOIRE","37540","SAINT-CYR-SUR-LOIRE","OUI","NN","OUI","","2021-03-31","897839213","47.395472305","0.6553368266","8"
"LE FOURNIL DORE","MABROUK HRIJA","10.71C","6 AVENUE DU 11 NOVEMBRE 37380 SAINT-LAURENT-EN-GATINES","37380","SAINT-LAURENT-EN-GATINES","OUI","01","OUI","","2022-12-05","922165063","47.58636021","0.7773584442","8"
"BOULANGERIE DE LA PLACE DE L'EGLISE DE SAINT MARTIN LE BEAU","LAID ZATRINI","10.71C","18 RUE DE CHENONCEAUX 37270 SAINT-MARTIN-LE-BEAU","37270","SAINT-MARTIN-LE-BEAU","OUI","NN","OUI","","2024-05-03","928617224","47.3548939515196","0.909738676751726","8"
"PM SAINT PIERRE","","10.71C","13-15 RUE DE LA BRETECHE 37700 SAINT-PIERRE-DES-CORPS","37700","SAINT-PIERRE-DES-CORPS","OUI","NN","OUI","","2024-05-27","929449551","47.3806909579588","0.72644741652875","8"
"MATTHIEU JEANNEAU (L'ANTRE A MIE)","MATTHIEU JEANNEAU (JEANNEAU)","10.71C","221 RUE HONORE DE BALZAC 37700 SAINT-PIERRE-DES-CORPS","37700","SAINT-PIERRE-DES-CORPS","OUI","NN","OUI","","2021-09-10","904621422","47.3883424912364","0.722786312644644","8"
"QUINTESSENCE GAETAN ELIE","GAETAN ELIE (ELIE)","10.71C","34 RUE PRINCIPALE 37390 SAINT-ROCH","37390","SAINT-ROCH","OUI","NN","OUI","","2022-11-01","919898684","47.4440363244133","0.582436415503383","8"
"LA SORIGNOISE","","10.71C","1 AVENUE DU 11 NOVEMBRE 1918 37250 SORIGNY","37250","SORIGNY","OUI","NN","OUI","","2024-07-22","931551683","47.2434756028952","0.695477748271818","8"
"SYLVIE DEPOND (PASTRE) (BOULANGERIE PATISSERIE DEPOND)","SYLVIE AMELIE PHILIPPE DEPOND (PASTRE)","10.71C","39 AVENUE ANDRE MAGINOT 37100 TOURS","37100","TOURS","OUI","01","OUI","","2022-04-02","914032800","47.410871184","0.6836217307","8"
"BOULANGERIE MAGINOT (BOULANGERIE HARDOUIN)","","10.71C","55 B AVENUE ANDRE MAGINOT 37100 TOURS","37100","TOURS","OUI","NN","OUI","","2023-12-13","982553612","47.412248096","0.6852007018","8"
"AUX DELICES DE LAMARTINE","MABROUK HRIJA","10.71C","2 RUE LAMARTINE 37000 TOURS","37000","TOURS","OUI","NN","OUI","","2026-02-01","100921055","47.3927327827445","0.672232022590688","8"
"LES PETITES METIVES","STELLA GAMBIER","10.71C","76 B RUE LOSSERAND 37100 TOURS","37100","TOURS","OUI","NN","OUI","","2024-09-06","932890874","47.4027479554041","0.693886248036986","8"
"MATT ET LAURA","LAURA CLAIRE LOUISE MARTINEZ","10.71C","3 RUE AUGUSTE CHEVALLIER 37000 TOURS","37000","TOURS","OUI","NN","OUI","","2022-10-31","921002200","47.3843546398622","0.678104373000801","8"
"LES DELICES DU BEAU JARDIN","MARIEM BEN ALI","10.71C","2-4 PAUL A 2 RUE MAURICE BOUCHOR 37000 TOURS","37000","TOURS","OUI","NN","OUI","","2024-09-02","932909062","47.3780621639819","0.707724077077134","8"
"BOUL DU RIV","ABDELLAH BAGAG","10.71C","16 B RUE NICOLAS POUSSIN 37000 TOURS","37000","TOURS","OUI","NN","OUI","","2025-03-01","940914187","47.3729470372314","0.685535925502759","8"
"BOULANGERIE SAINT-JULIEN","LAHCEN OUNHIM","10.71C","9 RUE COLBERT 37000 TOURS","37000","TOURS","OUI","NN","OUI","","2024-12-24","938946902","47.3954824332774","0.687445991896915","8"
"MACHA (ARTISANE)","CHARLES ANDRÉ ANGEL GUERIN","10.71C","40 RUE GEORGES COURTELINE 37000 TOURS","37000","TOURS","OUI","NN","OUI","","2024-10-01","933698805","47.3936061817899","0.67648175549505","8"
"AUX DELICES DE MAGINOT","MOHAMED AMRANI","10.71C","39 AVENUE ANDRE MAGINOT 37100 TOURS","37100","TOURS","OUI","NN","OUI","","2026-05-22","105489330","47.41087100896712","0.6836220035476901","8"
"PM VEIGNE","","10.71C","ILOT 6-7 DE LA ZAC DES GUES RUE DES EPINETTES 37250 VEIGNE","37250","VEIGNE","OUI","NN","OUI","","2025-12-10","995019437","47.3054093627056","0.715971580024366","8"
"HUVET","ISABELLE HUVET (BRIN)","10.71C","8 RUE LUCIEN ARNOULT 37210 VERNOU-SUR-BRENNE","37210","VERNOU-SUR-BRENNE","OUI","NN","OUI","","2022-03-31","912230976","47.421308793899","0.845196818448942","8"
"MAISON RAGOT","ALEXIS RAGOT","10.71C","8 RUE LUCIEN ARNOULT 37210 VERNOU-SUR-BRENNE","37210","VERNOU-SUR-BRENNE","OUI","NN","OUI","","2025-09-01","991139403","47.421308793899","0.845196818448942","8"
"ZOVEA (AUX DELICES D'AZAY)","ALEXIS MOREAU (MOREAU)","10.71C","18 RUE DE LA POSTE 37270 AZAY-SUR-CHER","37270","AZAY-SUR-CHER","OUI","03","","","2009-12-01","518506811","47.350282571","0.8443656171","7"
"MNSF.D","SANDRA DATHY (BALOCHE)","10.71C","1 AVENUE JEAN MERMOZ 37510 BALLAN-MIRE","37510","BALLAN-MIRE","OUI","03","","","2006-05-02","490405123","47.342665707","0.616752894","7"
"SAS","STEPHANE DELAUNAY (DELAUNAY)","10.71C","CENTRE COMMERCIAL CHAMBRAY II LA VRILLONNERIE 37170 CHAMBRAY-LES-TOURS","37170","CHAMBRAY-LES-TOURS","OUI","03","","","1992-08-18","388404196","47.329270653","0.7002666566","7"
"CANNELLE ET CACAO","EVELYNE DELETANG (BLOT)","10.71C","9 RUE DE LA MAIRIE 37170 CHAMBRAY-LES-TOURS","37170","CHAMBRAY-LES-TOURS","OUI","11","","","2001-10-19","439705856","47.339007953","0.7136812282","7"
"SEBASTIEN RIBEAUCOURT (BOULANGERIE RIBEAUCOURT)","SEBASTIEN RIBEAUCOURT","10.71C","6 RUE EUGENE GOUIN 37230 FONDETTES","37230","FONDETTES","OUI","02","","","2011-07-01","534002522","47.403438611","0.5966925382","7"
"LA PADERIA (LA PADERIA)","BRUNO RODRIGUES (RODRIGUES)","10.71C","5 RUE EUGENE GOUIN 37230 FONDETTES","37230","FONDETTES","OUI","02","","","2018-09-14","842369506","47.403990098","0.596951557","7"
"PAINS & GOURR'MANDISES","DIDIER GOURREAU (GOURREAU)","10.71C","16 BOULEVARD DE CHINON 37300 JOUE-LES-TOURS","37300","JOUE-LES-TOURS","OUI","03","","","2020-07-01","884794074","47.354901215","0.6967231067","7"
"SARL MAURICE (PAINS ET DELICES)","GUILLAUME MAURICE (MAURICE)","10.71C","45 RUE NATIONALE 37390 LA MEMBROLLE-SUR-CHOISILLE","37390","LA MEMBROLLE-SUR-CHOISILLE","OUI","11","","","2013-08-09","794732784","47.437814543","0.6391098064","7"
"LDMT ASSOCIES (LA ROUE DES SAVEURS)","DAMIEN MONSELLIER (MONSELLIER)","10.71C","12 RUE NATIONALE 37390 LA MEMBROLLE-SUR-CHOISILLE","37390","LA MEMBROLLE-SUR-CHOISILLE","OUI","02","","","2018-04-06","838714012","47.436710265","0.6392397163","7"
"SARL FRANCOU","GUILLAUME FRANCOU (FRANCOU)","10.71C","86 RUE DE LA MAIRIE 37520 LA RICHE","37520","LA RICHE","OUI","03","","","2015-06-11","811963263","47.388923953","0.6599316299","7"
"BOULANGERIE ESPRIT DE PAINS","SEBASTIEN ELINEAU (ELINEAU)","10.71C","15 RUE MARIE DE LORRAINE 37700 LA VILLE-AUX-DAMES","37700","LA VILLE-AUX-DAMES","OUI","11","","","2019-05-23","851031468","47.397903519","0.7879613302","7"
"S.A.R.L. AUX DOUCEURS DE LARCAY","SYLVAIN BOIRON (BOIRON)","10.71C","5 ALLEE DE LA BERGERIE 37270 LARCAY","37270","LARCAY","OUI","03","","","2014-08-29","804274942","47.364227671","0.7758397209","7"
"LA MAISON CHALON (LA MAISON CHALON)","CHRISTOPHE CHALON (CHALON)","10.71C","3 RUE DE LA REPUBLIQUE 37230 LUYNES","37230","LUYNES","OUI","11","","","2020-02-11","881507743","47.385323582","0.5547417606","7"
"AU PAIN PERDU","ALEXANDRE PINET (PINET)","10.71C","80 RUE NATIONALE 37380 MONNAIE","37380","MONNAIE","OUI","11","","","2010-03-30","521395442","47.498924468","0.7857033052","7"
"BOULANGERIE DOUIN (AU TOURBILLON DES PAINS)","JEROME DOUIN (DOUIN)","10.71C","4 RUE ABRAHAM COURTEMANCHE 37270 MONTLOUIS-SUR-LOIRE","37270","MONTLOUIS-SUR-LOIRE","OUI","03","","","2012-10-17","788798148","47.389472664","0.8283517382","7"
"LUDOVIC LANDRON","LUDOVIC LANDRON (LANDRON)","10.71C","1 RUE DES PLATANES 37390 NOTRE-DAME-D'OE","37390","NOTRE-DAME-D'OE","OUI","03","","","2011-11-10","538180985","47.452825572","0.706987106","7"
"LAMBERT-PALISSE (LA BOULANGE)","AURELIEN LAMBERT (LAMBERT)","10.71C","4 RUE DU PRIEURE 37380 NOUZILLY","37380","NOUZILLY","OUI","02","","","2019-06-14","851731836","47.544495686","0.7444685252","7"
"SARL SUZANNE (LA MAISON DES GOURMANDISES)","JULIE SUZANNE (ARDURAT)","10.71C","ZAC LES PETITS PRES 1 PLACE DES PETITS PRES 37230 PERNAY","37230","PERNAY","OUI","03","","","2012-06-04","751863515","47.443850287","0.4969640458","7"
"LA FEE AUX MIETTES","JOCELYNE BLIN (VERDUN)","10.71C","8 -10 8 PLACE DE RICHEMONT 37550 SAINT-AVERTIN","37550","SAINT-AVERTIN","OUI","03","","","2020-06-02","884673336","47.366941848","0.7230225268","7"
"SARL LES MAISONS BLANCHES","BELAID ECHAJIAA (ECHAJIAA)","10.71C","55 QUAI DES MAISONS BLANCHES 37540 SAINT-CYR-SUR-LOIRE","37540","SAINT-CYR-SUR-LOIRE","OUI","11","","","2015-10-29","814631966","47.395552466","0.6556631749","7"
"DEBREE - MARTINEAU","PATRICK MARTINEAU (MARTINEAU)","10.71C","109 BOULEVARD CHARLES DE GAULLE 37540 SAINT-CYR-SUR-LOIRE","37540","SAINT-CYR-SUR-LOIRE","OUI","03","","","2007-11-27","501179840","47.413572668","0.6713426223","7"
"LA CAVE A PAINS","NICOLAS MARON (MARON)","10.71C","19 RUE DE TOURS 37270 SAINT-MARTIN-LE-BEAU","37270","SAINT-MARTIN-LE-BEAU","OUI","02","","","2018-03-19","838420479","47.355516774","0.9082734786","7"
"MICKAEL BERTHON","MICKAEL GILLES DANIEL BERTHON (BERTHON)","10.71C","CTRE COMMERCIAL LA RABATERIE 37700 SAINT-PIERRE-DES-CORPS","37700","SAINT-PIERRE-DES-CORPS","OUI","03","","","2005-09-01","484258066","47.392403791","0.7229128448","7"
"RODOLPHE VANDEPUY","RODOLPHE VANDEPUY (VANDEPUY)","10.71C","10 RUE E ET J ROSENBERG 37700 SAINT-PIERRE-DES-CORPS","37700","SAINT-PIERRE-DES-CORPS","OUI","11","","","2011-10-17","537732125","47.38901086","0.7193573475","7"
"RG BOULANGERIE (RG BOULANGERIE)","ROMAIN MESNARD (MESNARD)","10.71C","34 RUE PRINCIPALE 37390 SAINT-ROCH","37390","SAINT-ROCH","OUI","02","","","2014-12-08","808261531","47.444037495","0.582436429","7"
"DIDRY-BUTTY (DIDRY-BUTTY)","SYLVAIN VINCENT DIDRY","10.71C","32 RUE PRINCIPALE 37510 SAVONNIERES","37510","SAVONNIERES","OUI","03","","","2017-06-21","830752226","47.348274503","0.5467160581","7"
"GAULTIER (GAULTIER)","VALENTIN GAULTIER (GAULTIER)","10.71C","45 RUE PRINCIPALE 37510 SAVONNIERES","37510","SAVONNIERES","OUI","03","","","2020-11-18","891034365","47.347739863","0.5447932719","7"
"SIMBERT","DAVID ALBERT BERRIER (BERRIER)","10.71C","1 AVENUE DES TILLEULS 37360 SEMBLANCAY","37360","SEMBLANCAY","OUI","02","","","2020-07-07","884984287","47.4985009141985","0.57794101538312","7"
"AUX 4 SAVEURS","XAVIER VERSCHUERE (VERSCHUERE)","10.71C","1 AVENUE DU 11 NOVEMBRE 1918 37250 SORIGNY","37250","SORIGNY","OUI","03","","","2013-12-15","798684270","47.2434756028952","0.695477748271818","7"
"3AG","FETHI AYEB (AYEB)","10.71C","14 VC MARCHANDE STENDHAL 37000 TOURS","37000","TOURS","OUI","03","","","2014-09-08","804426302","47.36892275","0.7064352785","7"
"AUX DELICES DE TOURAINE","GERARD PINEAU (PINEAU)","10.71C","97 B RUE DU REMPART 37000 TOURS","37000","TOURS","OUI","03","","","2009-04-15","511851636","47.391721102","0.7012986366","7"
"LE TALEMELIER","FRÉDÉRIC PERRIAT","10.71C","368 AVENUE ANDRE MAGINOT 37100 TOURS","37100","TOURS","OUI","02","","","2017-05-16","829642164","47.431000611","0.705832547","7"
"FRANCK NOUVEAU","FRANCK ERIC THIERRY NOUVEAU","10.71C","18 RUE DE BORDEAUX 37000 TOURS","37000","TOURS","OUI","02","","","2015-08-17","349851394","47.3899653316404","0.691066032937358","7"
"LA COQUINIERE (LA COQUINIERE)","TEMIR CHABAZOV (CHABAZOV)","10.71C","25 RUE GIRAUDEAU 37000 TOURS","37000","TOURS","OUI","11","","","2017-09-25","832270003","47.3871316290915","0.676373821131671","7"
"ESTELLE PIONNIER (LECLAIRE) (BOULANGERIE DE LA SCELLERIE)","ESTELLE PIONNIER (LECLAIRE)","10.71C","85 BIS ET 87 85 RUE DE LA SCELLERIE 37000 TOURS","37000","TOURS","OUI","03","","","2017-08-11","832296370","47.394583196","0.6914833736","7"
"BAKERY AND CO","EMMANUEL VILLATTE (VILLATTE)","10.71C","29 AVENUE DE GRAMMONT 37000 TOURS","37000","TOURS","OUI","03","","","2007-11-02","500798467","47.3863901607853","0.690168267454916","7"
"MAG & PHI (LA PETITE MARQUISE)","PHILIPPE DESILES","10.71C","97 RUE DE LA FUYE 37000 TOURS","37000","TOURS","OUI","03","","","2016-01-11","817830524","47.388706982","0.7027818507","7"
"LA TOURAINE (BOULANGERIE LA TOURAINE)","MOHAMED AMRANI (AMRANI)","10.71C","31 RUE DE SAPAILLE 37100 TOURS","37100","TOURS","OUI","03","","","2018-06-13","840415517","47.426803914","0.6928894313","7"
"LELOUP (EURL LELOUP)","NICOLAS LELOUP (LELOUP)","10.71C","91 AVENUE DE LA REPUBLIQUE 37100 TOURS","37100","TOURS","OUI","03","","","2019-10-31","878589126","47.410868297","0.6950339401","7"
"AL FAROUK","ABDELLAH BAGAG (BAGAG)","10.71C","21 RUE GUILLAUMET 37000 TOURS","37000","TOURS","OUI","03","","","2014-04-01","801027764","47.381237055","0.7051023429","7"
"LES GOURMANDISES DE GRAMMONT","FRANCK SEVIN (SEVIN)","10.71C","55 AVENUE DE GRAMMONT 37000 TOURS","37000","TOURS","OUI","03","","","2011-08-16","534138557","47.384887529738","0.690780492561603","7"
"J ET L (AU TOURS DES GOURMANDISES)","JEREMY JOLLIN","10.71C","141 RUE AUGUSTE CHEVALLIER 37000 TOURS","37000","TOURS","OUI","03","","","2012-05-01","751325523","47.379145549","0.6798027548","7"
"CHRISTOPHE DUCHET","CHRISTOPHE MARCEL DUCHET","10.71C","8 PLACE DU GENERAL LECLERC 37000 TOURS","37000","TOURS","OUI","03","","","1990-04-01","377826854","47.390489633","0.6940230282","7"
"RABEL (RABEL)","RACHID BELAALIM (BELAALIM)","10.71C","3 ESP FRANCOIS MITTERRAND 37000 TOURS","37000","TOURS","OUI","03","","","2018-11-05","843360488","47.422198831","0.6827464828","7"
"SARL DELAUNAY NATIONALE","PHILIPPE DELAUNAY (DELAUNAY)","10.71C","54 RUE NATIONALE 37000 TOURS","37000","TOURS","OUI","11","","","1988-02-17","343959441","47.393560917","0.6876442726","7"
"PBCC","PHILIPPE DELAUNAY (DELAUNAY)","10.71C","15 PLACE NEUVE 37000 TOURS","37000","TOURS","OUI","02","","","2000-06-23","432371334","47.383556837","0.697932039","7"
"LES BLES DE DEMAIN","MARC-ANTOINE BOSQUET (BOSQUET)","10.71C","20 PLACE DU MARECHAL LECLERC 37250 VEIGNE","37250","VEIGNE","OUI","12","","","2014-07-24","803685932","47.286817193","0.7371038594","7"
"ERIC RIVERO","ERIC FABRICE RIVERO","10.71C","5 RUE DE LA REPUBLIQUE 37210 VOUVRAY","37210","VOUVRAY","OUI","03","","","1993-10-02","393079884","47.412177347","0.7987482244","7"
"LE FOUR A PAINS","ALAIN GERARD BONNIN (BONNIN)","10.71C","76 AVENUE DES MONTILS 37400 AMBOISE","37400","AMBOISE","","NN","OUI","","2009-05-18","512241365","47.403351461","0.9921289795","6"
"LES CASCADES DES SAVEURS","NICOLAS VARNEDE (VARNEDE)","10.71C","28 RUE MARCEL VIGNAUD 37420 AVOINE","37420","AVOINE","","01","OUI","","2009-02-26","510756497","47.205010193","0.1825746777","6"
"JEAN-PIERRE PICOT","JEAN-PIERRE RENE PAUL PICOT","10.71C","11 GRANDE RUE 37350 BARROU","37350","BARROU","","NN","OUI","","2000-07-03","432224509","46.864173919","0.7729173311","6"
"SARL STEVE BOUIN","STEPHANIE BOUIN (BONNEAU)","10.71C","1 MAIL SAINT PIERRE 37600 BEAULIEU-LES-LOCHES","37600","BEAULIEU-LES-LOCHES","","NN","OUI","","2010-03-22","521224014","47.131973892","1.0116892548","6"
"ERIC CHARDRON","ERIC JACQUES MARCEL CHARDRON (CHARDRON)","10.71C","6 RUE RABELAIS 37460 CERE-LA-RONDE","37460","CERE-LA-RONDE","","NN","OUI","","2000-09-01","433177995","47.260164786","1.190786129","6"
"CHO'PAIN (CHO'PAIN)","ARMAND RESNEAU (RESNEAU)","10.71C","6 RUE RABELAIS 37460 CERE-LA-RONDE","37460","CERE-LA-RONDE","","NN","OUI","","2020-01-02","880005483","47.260164786","1.190786129","6"
"AMBROISE DREUX","AMBROISE DREUX","10.71C","21 RUE RONSARD 37310 CHAMBOURG-SUR-INDRE","37310","CHAMBOURG-SUR-INDRE","","NN","OUI","","1994-06-01","395397078","47.181398977","0.9677865383","6"
"MAC TRADITION (ROUSSEL TRADITION)","CYRIL GUY PIERRE ROUSSEL (ROUSSEL)","10.71C","17 CHEMIN DE LA BRISSONNIERE 37170 CHAMBRAY-LES-TOURS","37170","CHAMBRAY-LES-TOURS","OUI","11","","","2022-09-21","920088242","47.332856741","0.7243865718","6"
"EMMANUEL CAVILLIER-LAMBERT","EMMANUEL CLAUDE CAVILLIER-LAMBERT (CAVILLIER-LAMBERT)","10.71C","23 PLACE DU CHATEAU 37120 CHAMPIGNY-SUR-VEUDE","37120","CHAMPIGNY-SUR-VEUDE","","01","OUI","","2007-11-01","501100358","47.067196907","0.3190123204","6"
"AGAPE (BOULANGERIE AGAPE)","DONATIEN BREVET","10.71C","6 RUE DE LA GRANDE FERME 37390 CHANCEAUX-SUR-CHOISILLE","37390","CHANCEAUX-SUR-CHOISILLE","OUI","02","","","2023-03-17","949975221","47.471882039","0.7011370364","6"
"LAURENT DUVAL","LAURENT MARCEL DUVAL","10.71C","1 RUE DU CHATEAU 37150 CHENONCEAUX","37150","CHENONCEAUX","","00","OUI","","2004-04-01","453657496","47.33154164","1.0670237117","6"
"EMMANUEL GODINEAU","EMMANUEL MICHEL OLIVIER GABRIEL GODINEAU (GODINEAU)","10.71C","17 RUE DOROTHEE DE DINO 37130 COTEAUX-SUR-LOIRE","37130","COTEAUX-SUR-LOIRE","","NN","OUI","","1998-04-01","418494753","47.288237033","0.3143042377","6"
"FABRICE BUTON","FABRICE LAURENT BUTON","10.71C","5 PLACE DE L'HOTEL DE VILLE 37160 DESCARTES","37160","DESCARTES","","01","OUI","","1996-07-02","408128379","46.9736195993766","0.698604069897952","6"
"DIDIER MOREAU","DIDIER MOREAU (MOREAU)","10.71C","11 RUE LA FAYETTE 37310 DOLUS-LE-SEC","37310","DOLUS-LE-SEC","","01","OUI","","1994-02-01","394155436","47.164385519","0.8930866098","6"
"DELICES ET GOURMANDISES","AUDREY ROUILLE (FOURMY)","10.71C","20 RUE DE LA MAIRIE 37800 DRACHE","37800","DRACHE","","NN","OUI","","2017-10-18","832718944","47.05448633","0.622976049","6"
"AU PAIN DORE (AU PAIN DORE)","STEPHANE BRUNO CHRISTIAN HACQUE (HACQUE)","10.71C","1 RUE DES RABOTEAUX 37320 ESVRES","37320","ESVRES","","NN","OUI","","2009-10-01","521173666","47.277500972","0.8283286429","6"
"MARIUS","SOPHIE ROMIAN (GOUJON)","10.71C","LA VALINIERE 37460 GENILLE","37460","GENILLE","","NN","OUI","","2004-07-01","478115793","47.177878177","1.083293122","6"
"BOULANGERIE DES ROSES","LAURENT DESCHAMPS (DESCHAMPS)","10.71C","13 PLACE AGNES SOREL 37460 GENILLE","37460","GENILLE","","01","OUI","","2016-05-26","820755981","47.185174811","1.0940714206","6"
"LA PETITE BOULANGERIE (LA PETITE BOULANGERIE)","CHRISTOPHE RIVIERE (RIVIERE)","10.71C","5 RUE DES ECOLES 37340 GIZEUX","37340","GIZEUX","","NN","OUI","","2016-04-01","819560012","47.392309767","0.1954080178","6"
"DAVID STHAMAR","DAVID DANIEL MAGALI STHAMAR (STHAMAR)","10.71C","3 RTE DES PERRES 37420 HUISMES","37420","HUISMES","","01","OUI","","2011-07-05","534248414","47.233014907","0.2519983101","6"
"MICHEL AUBRY","MICHEL ROGER ANDRE AUBRY","10.71C","7 RUE DE TOURS 37140 LA CHAPELLE-SUR-LOIRE","37140","LA CHAPELLE-SUR-LOIRE","","NN","OUI","","2009-07-21","514047505","47.248222088","0.2215422529","6"
"RICHARD DARAS","RICHARD DARAS","10.71C","4 RUE TORTICIENNE 37350 LA GUERCHE","37350","LA GUERCHE","","NN","OUI","","1997-01-03","410559991","46.884075236","0.7314039725","6"
"THOMAS BAKERY","THOMAS BEAUVAIS (BEAUVAIS)","10.71C","5 BOULEVARD TONNELLE 37520 LA RICHE","37520","LA RICHE","OUI","03","","","2022-06-28","917853905","47.391085936","0.668002939","6"
"LULO","MAXIME RENÉ DE LAULANIÉ DE SAINTE CROIX","10.71C","132 AVENUE GEORGE SAND 37700 LA VILLE-AUX-DAMES","37700","LA VILLE-AUX-DAMES","OUI","02","","","2023-03-06","949580989","47.387983197","0.7761920515","6"
"YOAN ET HELENE","YOAN JOURDAIN (JOURDAIN)","10.71C","9 GRANDE RUE 37350 LE GRAND-PRESSIGNY","37350","LE GRAND-PRESSIGNY","","NN","OUI","","2019-10-04","877841437","46.920122843","0.802653649","6"
"TEDDY FOUCTEAU","TEDDY DOMINIQUE JEAN-PIERRE FOUCTEAU","10.71C","43 RUE SAINT JACQUES 37600 LOCHES","37600","LOCHES","","NN","OUI","","2010-06-28","523853414","47.13445486","0.9990823109","6"
"SARL MOULIN DU BUIS","MAGDELAINE MAHOU (COUGET)","10.71C","LE MOULIN DU BUIS 37370 MARRAY","37370","MARRAY","","NN","OUI","","1993-04-01","391396090","47.620022459","0.6865264503","6"
"ADAD CONRAD","SALOME ADAD (ADAD)","10.71C","21 RUE NATIONALE 37380 MONNAIE","37380","MONNAIE","OUI","02","","","2022-09-05","918957978","47.5031088871574","0.79160510756754","6"
"ALMERINDINHO","MARCO FERREIRA (FERREIRA)","10.71C","279 RUE DE ZEISKAM 37260 MONTS","37260","MONTS","","NN","OUI","","2016-05-20","820413458","47.278097932","0.666408843","6"
"LE FOURNIL DE NEUILLE (LE FOURNIL DE NEUILLE)","JULIEN CHEGARAY (CHEGARAY)","10.71C","1 AVENUE DE LA LIBERATION 37360 NEUILLE-PONT-PIERRE","37360","NEUILLE-PONT-PIERRE","OUI","11","","","2022-05-11","913384459","47.546768455","0.5466985714","6"
"BOULANGERIE PATISSERIE L'ENGHIENNOISE","KARINE VALLEY (JACQ)","10.71C","34 PL DU 11 NOVEMBRE 37800 NOUATRE","37800","NOUATRE","","01","OUI","","2011-07-05","533397311","47.050869194","0.5477408204","6"
"LE FOURNIL D'AURORE ET FRED","AURORE FOURMY (DAULT)","10.71C","43 ROUTE DE CHINON 37800 NOYANT-DE-TOURAINE","37800","NOYANT-DE-TOURAINE","","NN","OUI","","2012-04-30","751496043","47.108525084","0.5761332443","6"
"JEAN-MICHEL TECHER","JEAN-MICHEL TECHER (TECHER)","10.71C","1 PLACE DU CARROI 37460 ORBIGNY","37460","ORBIGNY","","01","OUI","","2009-10-13","517833299","47.210047435","1.2342736376","6"
"LES DELICES DE PARCAY","YANN PASCAL FRANCOIS DOUADIC (DOUADIC)","10.71C","59 RUE DE LA MAIRIE 37210 PARCAY-MESLAY","37210","PARCAY-MESLAY","OUI","03","","","2022-07-12","917481434","47.441608531","0.7454354719","6"
"LE FOURNIL D'OR (LA MIGNARDISE DE SAINT-CYR)","EL BACHIR BIKHELKHALEN","10.71C","27 RUE DU LT COL MAILLOUX 37540 SAINT CYR SUR LOIRE","37540","SAINT CYR SUR LOIRE","OUI","02","","","2023-08-02","978636132","47.407654302","0.6725722002","6"
"LES GOURMETS DE SAINT CYR","OLIVIER DE CONTENCIN (DE CONTENCIN)","10.71C","247 BOULEVARD CHARLES DE GAULLE 37540 SAINT-CYR-SUR-LOIRE","37540","SAINT-CYR-SUR-LOIRE","OUI","12","","","2022-12-09","922138599","47.4254456730101","0.657825815697367","6"
"LE FOURNIL SAINTE MAURIEN","VINCENT BARREAU (BARREAU)","10.71C","31 PLACE DU MARECHAL LECLERC 37800 SAINTE-MAURE-DE-TOURAINE","37800","SAINTE-MAURE-DE-TOURAINE","","01","OUI","","2010-04-13","521722199","47.112771214","0.6209556385","6"
"PINEAU S.L.","","10.71C","LES PICAULTS 37800 SAINT-EPAIN","37800","SAINT-EPAIN","","NN","OUI","","2017-06-19","830356945","47.158091614","0.5584817556","6"
"LMJC (BOULANGERIE DES BORDS DE LOIRE)","JULIE ADELINE SUZANNE (ARDURAT)","10.71C","LE PONT DE BRESMES 4 CHEMIN DE LA PRANTELLE 37230 SAINT-ETIENNE-DE-CHIGNY","37230","SAINT-ETIENNE-DE-CHIGNY","OUI","03","","","2022-01-10","909786071","47.369310791","0.5151961408","6"
"LES DOUCES MERVEILLES (LES DOUCES MERVEILLES)","NORBERT RATRIMOARIVONY (RATRIMOARIVONY)","10.71C","76 AVENUE DE LA REPUBLIQUE 37700 SAINT-PIERRE-DES-CORPS","37700","SAINT-PIERRE-DES-CORPS","OUI","03","","","2021-10-11","904041803","47.390027973","0.7232990153","6"
"AFOLKI","FAICAL IRIFI (IRIFI)","10.71C","88 AVENUE DE LA REPUBLIQUE 37700 SAINT-PIERRE-DES-CORPS","37700","SAINT-PIERRE-DES-CORPS","OUI","03","","","2021-10-01","904239589","47.389933586","0.7242553273","6"
"MEME LA BOULANGE","ALEXANDRA TROS (TANASE)","10.71C","26 RUE PAUL VAILLANT COUTURIER 37700 SAINT-PIERRE-DES-CORPS","37700","SAINT-PIERRE-DES-CORPS","OUI","NN","OUI","OUI","2020-01-02","880037460","47.394597152","0.7123807977","6"
"BOULANGERIE CAMUS","NADIA CAMUS (PIBALEAU)","10.71C","3 RUE DE LA PORTE DE LA VILLE 37340 SAVIGNE-SUR-LATHAN","37340","SAVIGNE-SUR-LATHAN","","01","OUI","","2010-06-18","523225654","47.444828293","0.3199996617","6"
"LES BLES DE DEMAIN TOURS (LES BLES DE DEMAIN)","MARC-ANTOINE BOSQUET (BOSQUET)","10.71C","31 PLACE DU GRAND MARCHE 37000 TOURS","37000","TOURS","OUI","11","","","2021-01-11","893268599","47.393504402","0.6804677137","6"
"BOULANGERIE 2A (LE TEMPLE DE LA GOURMANDISE)","FETHI AYEB (AYEB)","10.71C","127 AVENUE DE GRAMMONT 37000 TOURS","37000","TOURS","OUI","02","","","2021-04-30","898456710","47.380040549","0.6926492873","6"
"LES 3 GRAINS","RAPHAEL HASCOET (HASCOET)","10.71C","61 RUE DE LA VICTOIRE 37000 TOURS","37000","TOURS","OUI","11","","","2022-12-15","922290689","47.3931725240412","0.678414458406517","6"
"BREAD AND SWEETS","ABDERRAHIM ID TAYEB","10.71C","23 RUE BERNARD PALISSY 37000 TOURS","37000","TOURS","OUI","03","","","2022-01-19","910741099","47.3932230683872","0.69321347505927","6"
"LE PRESTIGE","AGREBI AGREBI (AGREBI)","10.71C","2 ALL JACQUES DUTHOO 37000 TOURS","37000","TOURS","OUI","02","","","2023-10-24","980897128",,,"6"
"BOULANGERIE POUSSE (BOULANGERIE POUSSE)","PAULINE POUSSE (LANGLOIS)","10.71C","8 PLACE DES DROITS DE L HOMME 37270 VERETZ","37270","VERETZ","OUI","03","","","2021-06-23","900797523","47.355582004","0.8014355696","6"
"GAETAN RAGUIN (CO-PAIN)","GAETAN RAGUIN (RAGUIN)","10.71C","4 RUE DE LA FONTAINE 37240 VOU","37240","VOU","","NN","OUI","","2016-08-25","823216775","47.0846290226973","0.857777383301092","6"
"PATRICIA QUESTE","PATRICIA QUESTE (QUESTE)","10.71C","1 RUE DU FOURNIL 37240 VOU","37240","VOU","","NN","OUI","","1989-12-21","353011851","47.085945464","0.8585921969","6"
"ALEXANDRE BRUNET","ALEXANDRE GREGORY BRUNET (BRUNET)","10.71C","3 RUE PASTEUR 37290 YZEURES-SUR-CREUSE","37290","YZEURES-SUR-CREUSE","","01","OUI","","2003-10-02","450450721","46.785719656","0.8705153381","6"
"SARL LA BOULANGERIE D'AMBILLOU","QUENTIN GEMON","10.71C","12 PLACE DU 8 MAI 1945 37340 AMBILLOU","37340","AMBILLOU","","NN","OUI","","2025-02-14","941187783","47.4520267632726","0.445116143779332","5"
"MTA","MOHAMED GHOUNBAJ","10.71C","10 PLACE CHARLES BIDAULT 37150 BLERE","37150","BLERE","","NN","OUI","","2024-06-24","930656251","47.328313832","0.9921539377","5"
"M.V.","MAXIME PIERRE VANNIER","10.71C","5 PLACE D'ARMES 37330 CHATEAU-LA-VALLIERE","37330","CHATEAU-LA-VALLIERE","","NN","OUI","","2024-09-07","932836810","47.547306723766","0.320601522202189","5"
"LA TOUR DE L'HORLOGE SAS (LA TOUR DE L'HORLOGE)","CHARLOTTE BLANCHE BEUN (PASCAULT)","10.71C","4 PLACE MIRABEAU 37500 CHINON","37500","CHINON","","NN","OUI","","2026-04-16","103848628","47.1658908665294","0.243355277977606","5"
"BIRON (L'ECLAT DE JADE)","TIFAINE AURELIE ALBERTINE BIRON","10.71C","5 AVENUE FRANCOIS MITTERRAND 37500 CHINON","37500","CHINON","","NN","OUI","","2026-02-09","100948504","47.1678921065323","0.233408529526605","5"
"LA BOULANGERIE BOUTIN","LUC YVES MARIE BOUTIN","10.71C","8 RUE DE SAUMUR 37140 CHOUZE-SUR-LOIRE","37140","CHOUZE-SUR-LOIRE","","NN","OUI","","2025-03-01","941092033","47.2365576644298","0.126702879276034","5"
"GOURMAIA","DAVY JÉRÔME MARTIN","10.71C","PORT BOULET 17 AVENUE DE VERDUN 37140 CHOUZE-SUR-LOIRE","37140","CHOUZE-SUR-LOIRE","","NN","OUI","","2025-01-23","940262967","47.2467264599172","0.16233759247437","5"
"AUX SAVEURS DE CORMERY","BECHIR ABED","10.71C","16 RUE DE MONTRESOR 37320 CORMERY","37320","CORMERY","","00","OUI","","2022-07-10","917429011","47.267846238","0.8375899533","5"
"AU PALAIS DESCARTOIS","BÉNÉDICTE ANNA","10.71C","137 RUE RENE BOYLESVE 37160 DESCARTES","37160","DESCARTES","","NN","OUI","","2023-03-07","949617617","46.979097752","0.6905562566","5"
"BOULANGERIE JFT (AU BLE DU COIN)","JEAN-FRANÇOIS MICHEL LUCIEN DELAROCHE","10.71C","9 RUE DANGE D’ORSAY 37240 LA CHAPELLE-BLANCHE-SAINT-MARTIN","37240","LA CHAPELLE-BLANCHE-SAINT-MARTIN","","NN","OUI","","2024-04-01","925298697","47.086301077","0.7913138662","5"
"LE PETIT PAIN (LE PETIT PAIN)","ROBIN DELAHAYE","10.71C","29 RUE NATIONALE 37150 LA CROIX-EN-TOURAINE","37150","LA CROIX-EN-TOURAINE","","01","OUI","","2023-10-12","980752026","47.33935308","0.9893937997","5"
"TRITICUM PAINS ELEMENT TERRE (TRITICUM PAINS ELEMENT TERRE)","THIBAUD FERARD (FERARD)","10.71C","17 RUE FALLOUX 37130 LANGEAIS","37130","LANGEAIS","","NN","OUI","","2021-04-21","898513841","47.323327617","0.4078176246","5"
"AURELIEN DOLD (LE COUP D'FOUEE)","AURELIEN DOLD","10.71C","20 RUE DE LA SYBILLE 37220 L'ILE-BOUCHARD","37220","L'ILE-BOUCHARD","","NN","OUI","","2024-07-18","931215461","47.126874736","0.4216724311","5"
"SOMMIER & CO","LAURENT MARCEL RICHARD SOMMIER","10.71C","8 RUE AGNES SOREL 37600 LOCHES","37600","LOCHES","","NN","OUI","","2021-04-16","898383757","47.12889559","0.9983672969","5"
"JULIEN GAUTIER (LEVAIN SE LEVE)","JULIEN GAUTIER","10.71C","1 PLACE DE L'EGLISE 37370 MARRAY","37370","MARRAY","","NN","OUI","","2025-08-25","990209439","47.6210169498437","0.699062190116818","5"
"OLIVIER CHAZELAS ARTISAN BOULANGER (LA MIE & LEVAIN)","OLIVIER HENRI BAPTISTE CHAZELAS","10.71C","1 LA MOURIERE 37530 MOSNES","37530","MOSNES","","NN","OUI","","2025-05-01","941640310","47.432444007736","1.11180296418289","5"
"AU GRE DU PAIN","ALAIN GILBERT MICHEL JEAN-FRANÇOIS BROSSEAU","10.71C","PLACE DES ANCIENS COMBATTANTS 37220 PANZOULT","37220","PANZOULT","","NN","OUI","","2025-03-24","942502097","47.1447752398669","0.401977831621806","5"
"BLASTT","GRÉGORY RAYMOND JACKY GIRAUD","10.71C","BOULEVARD DU SEVRAGE CENTRE COMMERCIAL LA RAMEE 37530 POCE-SUR-CISSE","37530","POCE-SUR-CISSE","","NN","OUI","","2026-02-17","101426849","47.4264506336969","0.978863126401539","5"
"HACAULT BILLARD","LEA BILLARD (BILLARD)","10.71C","20 PLACE DU BOURG DU FAU 37310 REIGNAC-SUR-INDRE","37310","REIGNAC-SUR-INDRE","","01","OUI","","2022-03-16","911421642","47.226864551","0.915400202","5"
"CHEZ MARIE ET FRED (LA GOURMANDINE)","FRÉDÉRIC ABAD","10.71C","24 RUE PRINCIPALE 37190 SACHE","37190","SACHE","","NN","OUI","","2025-12-06","999180268","47.2462343638491","0.542696858195034","5"
"LA MIE BRETONNE (LA MIE BRETONNE)","PAULINE GAULT","10.71C","4 PLACE DE LA MAIRIE 37800 SAINT-EPAIN","37800","SAINT-EPAIN","","NN","OUI","","2024-09-17","933084279","47.1447170192927","0.537230933407986","5"
"SARAH PETITOT (LA M'HIPPOLYTAINE)","SARAH PETITOT","10.71C","2478 ROUTE DU DONJON LES BASSES BORDES 37600 SAINT-HIPPOLYTE","37600","SAINT-HIPPOLYTE","","NN","OUI","","2023-02-17","949181333","47.047123985","1.1343736145","5"
"SYLVAIN ET CYNTHIA (SYLVAIN ET CYNTHIA)","SYLVAIN BOUCHER (BOUCHER)","10.71C","22 AVENUE SAINT-VINCENT 37140 SAINT-NICOLAS-DE-BOURGUEIL","37140","SAINT-NICOLAS-DE-BOURGUEIL","","01","OUI","","2021-07-28","901904474","47.283898819","0.1248782129","5"
"DELICES DE SAVIGNE","MABROUK HRIJA","10.71C","3 RUE DE LA PORTE DE LA VILLE 37340 SAVIGNE-SUR-LATHAN","37340","SAVIGNE-SUR-LATHAN","","NN","OUI","","2024-12-18","938824273","47.4448282931818","0.319999661712378","5"
"VIVIEN QUINTEAU (AUX REGALS DE VIVIEN)","VIVIEN JEAN-PAUL GILLES QUINTEAU","10.71C","32 RUE DU BOURG 37420 SAVIGNY-EN-VERON","37420","SAVIGNY-EN-VERON","","01","OUI","","2023-10-17","980659817","47.200447189","0.1440821424","5"
"VERNEUIL ET TRADITIONS (VERNEUIL ET TRADITIONS)","EVA QUENARD","10.71C","6 RUE DU COMMERCE 37600 VERNEUIL-SUR-INDRE","37600","VERNEUIL-SUR-INDRE","","NN","OUI","","2024-09-19","933180838","47.0564407688052","1.04207341322842","5"
"FONTENAY ANTOINE (BOULANGERIE PATISSERIE FONTENAY)","ANTOINE JEAN ANDRÉ FONTENAY","10.71C","5 RUE DE LA LIBERATION 37330 VILLIERS-AU-BOUIN","37330","VILLIERS-AU-BOUIN","","NN","OUI","","2025-11-06","993644889","47.5753512074564","0.313377338823879","5"
"AU RENDEZ-VOUS DES MIGNARDISES","ERIC BOUCHER (BOUCHER)","10.71C","RUE NATIONALE 37400 AMBOISE","37400","AMBOISE","","03","","","2008-04-15","503898918","47.412408558","0.9837269452","4"
"LA BOULANGERIE DU QUARTIER (LA BOULANGERIE DU QUARTIER)","AOUN DOUDAY","10.71C","14 PLACE DE LA CROIX BESNARD 37400 AMBOISE","37400","AMBOISE","","02","","","2020-02-26","881993877","47.404451294","0.9864718783","4"
"MAISON THIERRY","","10.71C","40 QUAI DU GENERAL DE GAULLE 37400 AMBOISE","37400","AMBOISE","","12","","","1997-05-07","412072985","47.410619737","0.9748597471","4"
"SAS NALIN","JACQUELINE FRANCOISE NALIN (JUBIEN)","10.71C","12 RUE DU 8 MAI 1945 37420 BEAUMONT-EN-VERON","37420","BEAUMONT-EN-VERON","","02","","","2017-03-22","828516146","47.194013289","0.1854320547","4"
"LA MI' A CHOU","ELISE GROSBOIS (GROSBOIS)","10.71C","17 PLACE DE LA LIBERATION 37150 BLERE","37150","BLERE","","03","","","2020-09-21","889178810","47.327679071","0.9909730645","4"
"SARL GIRARD ADRIEN ET ANTOINE (AUX DELICES BLEROIS)","ADRIEN GIRARD (GIRARD)","10.71C","7 AVENUE DE L’EUROPE 37150 BLERE","37150","BLERE","","11","","","2011-09-01","534445960","47.32628461","0.9948225835","4"
"NATHALIE ET FRANCOIS RICHARD (RICHARD)","NATHALIE RICHARD (BLAIS)","10.71C","6 ALL DE LA CANOPEE PARC COMMERCIAL LA PETITE PRAIRIE 37140 BOURGUEIL","37140","BOURGUEIL","","11","","","2018-07-25","841352768","47.273827037","0.1653582941","4"
"XAVIER COURTOIS (BOULANGERIE COURTOIS)","XAVIER DAVID COURTOIS (COURTOIS)","10.71C","126 RUE DE LA REPUBLIQUE 37110 CHATEAU-RENAULT","37110","CHATEAU-RENAULT","","02","","","2004-10-15","478798499","47.59097256","0.90759749","4"
"BOULANGERIE AUX DELICES DE PIERRE (AUX DELICES DE PIERRE)","OLIVIER GRIMAUD","10.71C","43 PLACE JEAN JAURES 37110 CHATEAU-RENAULT","37110","CHATEAU-RENAULT","","12","","","2016-03-01","818676264","47.593965516","0.91467067","4"
"AU FAIM PALAIS (AU FAIM PALAIS)","MACOUMBA MBODJI (MBODJI)","10.71C","44 RUE DE CHINON 37190 CHEILLE","37190","CHEILLE","","02","","","2019-05-17","851220954","47.254700925","0.4618863964","4"
"MTF (BOULANGERIE MERCIER)","TIPHAINE BERTON (TOQUARD)","10.71C","5 AVENUE FRANCOIS MITTERRAND 37500 CHINON","37500","CHINON","","02","","","2015-10-01","817919707","47.1678921065323","0.233408529526605","4"
"SARL DEMION","MELANIE BRETON (BRETON)","10.71C","11 RUE DU COMMERCE 37500 CHINON","37500","CHINON","","02","","","2012-01-04","538937731","47.166129843","0.2391785903","4"
"LE FOURNIL DU CHATEAU","LAURENT CHERBONNIER (CHERBONNIER)","10.71C","16 RUE JEAN JACQUES ROUSSEAU 37500 CHINON","37500","CHINON","","03","","","2019-05-23","851030056","47.167147802","0.2409697169","4"
"LA TOUR DE L'HORLOGE","ADRIEN GUERY (GUERY)","10.71C","4 PLACE MIRABEAU 37500 CHINON","37500","CHINON","","11","","","2008-10-07","509060380","47.1658908665294","0.243355277977606","4"
"JEAN-FRANCOIS AUFFRAIS","JEAN-FRANCOIS AUFFRAIS (AUFFRAIS)","10.71C","4 RUE DE LA DEVINIERE 37500 CINAIS","37500","CINAIS","","02","","","2013-08-26","794594721","47.147398359","0.1811937629","4"
"CHOUXKOLAT AND CO (CHOUXKOLAT AND CO)","VALTER RIBEIRO","10.71C","LES PICHARDS 26 RTE DE CHENONCEAUX LES PICHARDS 37150 CIVRAY-DE-TOURAINE","37150","CIVRAY-DE-TOURAINE","","03","","","2017-10-03","832762116","47.332048559","1.0558379394","4"
"SARL DEBAUD","PASCAL PHILIPPE DEBAUD","10.71C","8 RUE NATIONALE 37320 CORMERY","37320","CORMERY","","03","","","1998-09-18","420147183","47.269001863","0.8345484633","4"
"JOEL DEMAY","JOEL CHRISTIAN DEMAY","10.71C","18 RUE LEVEILLE 37160 DESCARTES","37160","DESCARTES","","03","","","2000-10-01","433137627","46.976993817","0.6928151295","4"
"LAET ET FRED (AU POULET DORE)","ESTELLE BARTHELEMY (BARTHELEMY)","10.71C","1 RUE DES RABOTEAUX 37320 ESVRES","37320","ESVRES","","11","","","2020-09-01","888569670","47.277500972","0.8283286429","4"
"K & T MECHINE","TEDDY MECHINE (MECHINE)","10.71C","7 PLACE JOSEPH BOURREAU 37320 ESVRES","37320","ESVRES","","02","","","2008-11-10","508969011","47.283695969","0.7865403305","4"
"PHILIPPE REVEILLON","PHILIPPE FRANCOIS BERNARD ALBE REVEILLON (REVEILLON)","10.71C","54 RUE NATIONALE 37320 ESVRES","37320","ESVRES","","02","","","1997-07-07","413157421","47.283669077","0.7864006192","4"
"SARL MINIOT ROMARIC","ROMARIC MINIOT (MINIOT)","10.71C","9 RUE DES ECOLES 37150 FRANCUEIL","37150","FRANCUEIL","","03","","","2013-06-01","792901209","47.313827876","1.0838666648","4"
"MAISON NARDEUX","ANGE ANNA NARDEUX","10.71C","9 RUE DES ARTISANS 37300 JOUE-LES-TOURS","37300","JOUE-LES-TOURS","OUI","12","","OUI","2000-04-03","432170579","47.341629704","0.6429479747","4"
"GRAINES DE CHAMPION","JEAN-CLAUDE CHAMPION (CHAMPION)","10.71C","3 RUE GAMBETTA 37130 LANGEAIS","37130","LANGEAIS","","02","","","2007-09-05","499512721","47.324795832","0.4076100038","4"
"LA FABRIQUE A PAINS","REGIS ABAD","10.71C","5 RUE CHARLES VIII 37130 LANGEAIS","37130","LANGEAIS","","03","","","2017-04-05","829053800","47.325548441","0.4056169112","4"
"HERVE HAMELIN (BOULANGERIE HAMELIN)","HERVE HAMELIN (HAMELIN)","10.71C","2 PLACE DU GENERAL LECLERC 37240 LIGUEIL","37240","LIGUEIL","","03","","","2005-11-01","485069793","47.042633874","0.8188459585","4"
"SYLVAIN REDUREAU","SYLVAIN ROBERT JOSEPH MARINA REDUREAU (REDUREAU)","10.71C","ZI DE SAINT LAZARE 37220 L'ILE BOUCHARD","37220","L'ILE BOUCHARD","","03","","","2006-10-01","492349832","47.122141911","0.4293143558","4"
"MARIE-CECILE DENIAU","MARIE-CECILE DENIAU (DENIAU)","10.71C","21 RUE GAMBETTA 37220 L'ILE-BOUCHARD","37220","L'ILE-BOUCHARD","","02","","","2014-02-26","801072489","47.124003108","0.4252655018","4"
"FREDERIC SAMSON","FREDERIC JEAN-YVES SAMSON","10.71C","CENTRE COML DES BAS CLOS 16 AVENUE DES BAS CLOS 37600 LOCHES","37600","LOCHES","","03","","","2005-01-17","480858356","47.125106077","0.9925411452","4"
"LAURENT SOMMIER","LAURENT MARCEL RICHARD SOMMIER (SOMMIER)","10.71C","8 RUE AGNES SOREL 37600 LOCHES","37600","LOCHES","","02","","","2008-05-30","504687377","47.12889559","0.9983672969","4"
"COME BACK (MA BOULANGERIE CAFE)","STEPHANE BLAIS (BLAIS)","10.71C","RUE DE LA CHAUVELLERIE 37600 LOCHES","37600","LOCHES","","11","","","2016-11-30","824203590","47.132752454","0.9834485903","4"
"JUSTINE ET JEREMIE (JUSTINE ET JEREMIE)","JUSTINE MAIGRE (MAIGRE)","10.71C","20 RUE NATIONALE 37240 MANTHELAN","37240","MANTHELAN","","02","","","2020-01-02","879610269","47.136010754","0.7925477843","4"
"OLIVIER BEAUGRAND","OLIVIER FLORENCE BEAUGRAND (BEAUGRAND)","10.71C","23 RUE DU MARCHE 37460 MONTRESOR","37460","MONTRESOR","","02","","","1995-12-01","403209380","47.1561564","1.1994055097","4"
"AURELIEN MERLE","AURELIEN MERLE (MERLE)","10.71C","26 ET 28 GRANDE RUE 37290 PREUILLY-SUR-CLAISE","37290","PREUILLY-SUR-CLAISE","","02","","","2007-10-26","501545362","46.853689009","0.9301768906","4"
"FOULONNEAU","AURELIEN FOULONNEAU (FOULONNEAU)","10.71C","33 GRANDE RUE 37140 RESTIGNE","37140","RESTIGNE","","02","","","2012-11-15","789371010","47.282690431","0.2276303187","4"
"LA MIE CLAIRE","PHILIPPE DESLANDES (DESLANDES)","10.71C","21 PLACE DES RELIGIEUSES 7 RUE DU COLLEGE 37120 RICHELIEU","37120","RICHELIEU","","02","","","2016-03-03","818823627","47.0156450769641","0.324493128989172","4"
"LA BAGUETTE RUSTIQUE","PHILIPPE DESLANDES (DESLANDES)","10.71C","25 PLACE DU MARCHE 37120 RICHELIEU","37120","RICHELIEU","","03","","","2010-11-17","528371412","47.011884887","0.324522808","4"
"LUDOVIC CHARPENTIER (BOULANGERIE CHARPENTIER)","LUDOVIC CYLFRIDE CHARPENTIER (CHARPENTIER)","10.71C","27-29 27 RUE AUGUSTE CHEVALLIER 37800 SAINTE-MAURE-DE-TOURAINE","37800","SAINTE-MAURE-DE-TOURAINE","","02","","","2006-09-02","500293576","47.109992435","0.6181300479","4"
"CLAUDE THERET","CLAUDE ANDRE JACQUES SABINE THERET (THERET)","10.71C","6 PLACE DE L'EGLISE 37600 SAINT-FLOVIER","37600","SAINT-FLOVIER","","02","","","2009-03-01","511148173","46.968966011","1.0265910049","4"
"EMMANUEL COMMON (L'ECOPAIN)","EMMANUEL COMMON","10.71C","6 RUE JEAN ANTOINE GENTY 37530 SAINT-OUEN-LES-VIGNES","37530","SAINT-OUEN-LES-VIGNES","","02","","","2017-02-01","828331868","47.467544746","0.9940996267","4"
"LE KIOSQUE GOURMAND","MARTINE TAILLEPIED (GRASLIN)","10.71C","2 PLACE DE LA REPUBLIQUE 37370 SAINT-PATERNE-RACAN","37370","SAINT-PATERNE-RACAN","","03","","","2007-12-03","501271571","47.60274225","0.4845549686","4"
"PM GRAND MARCHE (BOULANGERIE PAUL MEUNIER)","","10.71C","3 PLACE DU GRAND MARCHE 37000 TOURS","37000","TOURS","OUI","03","","OUI","2010-07-19","523858785","47.394147845","0.680263079","4"
"DOMINIQUE SIDAINE","DOMINIQUE RENE MAURICE SIDAINE","10.71C","3 RUE DU MARECHAL LECLERC 37110 VILLEDOMER","37110","VILLEDOMER","","02","","","1989-05-18","351205380","47.545303887","0.8881474342","4"
"MAISON GIRONDON","KEVIN GIRONDON (GIRONDON)","10.71C","99 RUE NATIONALE 37400 AMBOISE","37400","AMBOISE","","03","","","2022-08-04","918261934","47.411118976","0.980992099","3"
"ALLIANCE DES SAVEURS (ALLIANCE DES SAVEURS)","FREDERIC LAMOTTE (LAMOTTE)","10.71C","5-7 5 RUE JULES FERRY 37400 AMBOISE","37400","AMBOISE","","03","","","2022-09-13","919317305","47.418544911","0.9820274767","3"
"GENERATION HORLOGE (BOULANGERIE DE L'HORLOGE)","","10.71C","ZAC LA BOITARDIERE II LA BOITARDIERE 37400 AMBOISE","37400","AMBOISE","","12","","","2021-05-11","899272546","47.4171938835389","1.01527313664796","3"
"A LA GRAINE SAUVAGE","MARGAUX SAUVAGE (LE BRAS)","10.71C","3 RUE DU COMMERCE 37260 ARTANNES-SUR-INDRE","37260","ARTANNES-SUR-INDRE","","02","","","2022-08-05","918246901","47.273469787","0.5991437328","3"
"BOULANGERIE BEAUFILS (BOULANGERIE PATISSERIE BEAUFILS)","NICOLAS BEAUFILS (BEAUFILS)","10.71C","25 RUE NATIONALE 37190 AZAY-LE-RIDEAU","37190","AZAY-LE-RIDEAU","","03","","","2021-05-17","899556328","47.26136626","0.465333027","3"
"CATHERINE DEBETS (LA BOULANGE DE CATHY)","CATHERINE FRANCOISE DEBETS","10.71C","3 RUE DE LA REPUBLIQUE 37140 BENAIS","37140","BENAIS","","NN","OUI","OUI","2004-06-01","477618789","47.2960822166407","0.213805984279976","3"
"PASSIONNEMENT CHOCOLAT","BOUDI DIALLO (DIALLO)","10.71C","11 RUE DE LOCHES 37150 BLERE","37150","BLERE","","02","","","2021-04-06","897958401","47.326769099","0.9921498687","3"
"MAISON TLIHA (MAISON TLIHA)","HAJER BENAOUN","10.71C","190 RUE DE LA REPUBLIQUE 37110 CHATEAU-RENAULT","37110","CHATEAU-RENAULT","","02","","","2021-09-01","902209162","47.589955843","0.9043590129","3"
"TORTET - CHASSIER","SOLÈNE CHASSIER (CHASSIER)","10.71C","39 RUE NATIONALE 37160 LA CELLE-SAINT-AVANT","37160","LA CELLE-SAINT-AVANT","","02","","","2023-04-25","951933464","47.023322988","0.6040995039","3"
"STEPHANIE OUVRARD (LA GOURMANDISE LIEGEOISE)","STEPHANIE OUVRARD (OUVRARD)","10.71C","9 RUE PRINCIPALE 37460 LE LIEGE","37460","LE LIEGE","","02","","","2021-06-24","899935365","47.228374863","1.1033706954","3"
"AC BOULANGERIE","ANTHONY CHATAIN (CHATAIN)","10.71C","11 RUE DE RIGNY USSE 37130 LIGNIERES-DE-TOURAINE","37130","LIGNIERES-DE-TOURAINE","","03","","","2022-04-11","912454543","47.29741058","0.4154873062","3"
"TRADITIONS DE LOCHES (LA PETITE PARISIENNE)","ABDALLAH FOURTI","10.71C","24 RUE DE LA REPUBLIQUE 37600 LOCHES","37600","LOCHES","","02","","","2023-01-16","948202528","47.128920942","0.9982502306","3"
"SAS FOURTI","ABDALLAH FOURTI (FOURTI)","10.71C","4 RUE PICOIS 37600 LOCHES","37600","LOCHES","","11","","","2022-03-08","911168284","47.128608325","0.9973279728","3"
"MAISON GROISIL","ALEXANDRE GROISIL","10.71C","11 PLACE GAMBETTA 37130 MAZIERES-DE-TOURAINE","37130","MAZIERES-DE-TOURAINE","","03","","","2023-03-17","949972129","47.383733351","0.4238087267","3"
"MONTS ET MERVEILLES","ADRIEN FONTENEAU (FONTENEAU)","10.71C","73 RUE DU VAL DE L'INDRE 37260 MONTS","37260","MONTS","","03","","","2021-09-09","903001477","47.282667043","0.6505812069","3"
"LA GRANGE AUX PAINS (LA GRANGE AUX PAINS)","DANIEL ALCIDE COMPAGNON (COMPAGNON)","10.71C","6 B RUE CAMILLE BRETON 37530 NAZELLES-NEGRON","37530","NAZELLES-NEGRON","","01","OUI","OUI","2020-10-20","889756623","47.431755598","0.9538026234","3"
"SEJEON","ERIC SEJEON (SEJEON)","10.71C","2 AVENUE DES PLATANES 37600 PERRUSSON","37600","PERRUSSON","","03","","","2022-10-06","920140837","47.0990318803957","1.01366536894663","3"
"GILLIER","BENJAMIN GILLIER (GILLIER)","10.71C","14 PLACE DU 11 NOVEMBRE 1918 37320 SAINT-BRANCHS","37320","SAINT-BRANCHS","","03","","","2022-03-31","912910213","47.229047969","0.7721017702","3"
"AU PAIN CHAUD","BRUNO DENIS (DENIS)","10.71C","58 AVENUE DU GENERAL DE GAULLE 37800 SAINTE-MAURE-DE-TOURAINE","37800","SAINTE-MAURE-DE-TOURAINE","","11","","","2021-07-01","900801739","47.111319062","0.6156198135","3"
"PASQUEREAU","QUENTIN PASQUEREAU (PASQUEREAU)","10.71C","13 RUE DES LAVANDIERES 37260 THILOUZE","37260","THILOUZE","","03","","","2021-02-08","893728444","47.223326764","0.5795399277","3"
"LA BOULANGE DE JANE (LA BOULANGE DE JANE)","EMMANUEL AMIOT","10.71C","4 RUE DU PARC 37420 BEAUMONT-EN-VERON","37420","BEAUMONT-EN-VERON","","NN","OUI","OUI","2023-10-01","979861507","47.194568086","0.1831854829","2"
